,pt_total,yard,off_play,turnover_lost,fumble_lost,first_down,pass_complete,pass_attempt,pass_touchdown,interception_thrown,net_yard_per_pass_attempt,first_down_by_pass,rush_attempt,rush_yard_gain,rush_touchdown,rush_yard_per_attempt,first_down_by_rush,penalty_yard,first_down_by_penalty,number_of_drive,avg_start_pos,time_per_drive,play_per_drive,net_yard_per_drive,team,year
0,414,5458,1097.0,17,8,353,361.0,577,28,9,5.9,200.0,497,1891,14,3.8,111.0,598.0,42.0,178.0,31.1,177,6.34,30.7,atl,2010
1,402,6026,1073.0,21,8,349,365.0,594,29,13,6.8,215.0,453,1834,14,4.0,100.0,769.0,34.0,187.0,28.5,166,5.89,32.2,atl,2011
2,419,5906,1021.0,18,4,343,422.0,615,32,14,7.0,247.0,378,1397,12,3.7,70.0,415.0,26.0,175.0,29.0,169,6.05,33.7,atl,2012
3,353,5490,1024.0,28,11,330,445.0,659,26,17,6.0,227.0,321,1247,11,3.9,64.0,788.0,39.0,179.0,26.2,163,5.87,30.7,atl,2013
4,381,6051,1035.0,23,8,330,418.0,632,28,15,6.9,233.0,372,1498,11,4.0,75.0,840.0,22.0,175.0,26.5,162,6.1,34.6,atl,2014
5,339,5985,1073.0,30,13,359,410.0,621,21,17,6.7,230.0,420,1606,13,3.8,95.0,969.0,34.0,174.0,27.0,178,6.34,34.2,atl,2015
6,540,6653,995.0,11,4,379,374.0,537,38,7,8.2,239.0,421,1928,20,4.6,108.0,848.0,32.0,175.0,29.3,167,5.89,38.0,atl,2016
7,353,5837,984.0,18,6,330,343.0,530,21,12,7.2,200.0,430,1847,12,4.3,101.0,918.0,29.0,165.0,25.9,174,6.22,35.3,atl,2017
8,414,6226,1010.0,18,11,352,428.0,617,36,7,7.1,238.0,351,1573,11,4.5,84.0,899.0,30.0,168.0,26.3,169,6.18,37,atl,2018
9,381,6075,1096.0,25,10,383,459.0,684,29,15,6.4,258.0,362,1361,10,3.8,84.0,956.0,41.0,174.0,28.7,171,6.53,34.9,atl,2019
10,396,5895,1078.0,18,7,366,408.0,628,27,11,6.5,243.0,409,1532,13,3.7,86.0,736.0,37.0,174.0,28.1,169,6.43,33.8,atl,2020
11,313,5164,1006.0,26,11,306,377.0,573,20,15,6.1,196.0,393,1451,11,3.7,75.0,753.0,35.0,177.0,28.5,162,5.85,29.1,atl,2021
12,365,5417,1011.0,21,12,330,257.0,415,17,9,6.0,148.0,559,2718,17,4.9,152.0,594.0,30.0,167.0,27.7,182,6.24,32.3,atl,2022
13,321,5683,1092.0,28,11,326,327.0,530,17,17,6.2,181.0,522,2159,14,4.1,121.0,743.0,24.0,196.0,27.5,152,5.76,28.8,atl,2023
14,283,4878,954.0,39,18,263,296.0,519,24,21,5.7,166.0,401,1720,6,4.3,82.0,633.0,15.0,182.0,29.2,151,5.36,26.8,buf,2010
15,372,5624,992.0,30,5,313,356.0,578,24,25,6.2,180.0,391,1921,12,4.9,100.0,743.0,33.0,189.0,26.2,153,5.41,29.8,buf,2011
16,344,5486,983.0,34,17,301,309.0,511,24,17,6.0,176.0,442,2217,12,5,103.0,871.0,22.0,190.0,27.3,152,5.3,28.8,buf,2012
17,339,5410,1116.0,27,12,301,299.0,522,16,15,5.4,149.0,546,2307,15,4.2,113.0,954.0,39.0,214.0,26.8,129,5.38,25.2,buf,2013
18,343,5096,1020.0,23,10,273,363.0,579,23,13,5.8,186.0,402,1482,7,3.7,65.0,1031.0,22.0,197.0,30.2,145,5.37,25.8,buf,2014
19,379,5775,1016.0,19,10,297,295.0,465,23,9,6.6,155.0,509,2432,19,4.8,122.0,1249.0,20.0,186.0,26.7,162,5.61,31.0,buf,2015
20,399,5666,1012.0,12,5,328,286.0,474,17,7,5.8,155.0,492,2630,29,5.3,146.0,960.0,27.0,177.0,28.9,162,5.91,31.8,buf,2016
21,302,4842,1010.0,16,6,278,289.0,476,16,10,5.4,149.0,487,2017,12,4.1,105.0,872.0,24.0,180.0,28.2,151,5.92,26.9,buf,2017
22,269,4778,1008.0,32,9,283,271.0,499,13,23,5.2,137.0,468,1984,15,4.2,108.0,992.0,38.0,193.0,29.7,152,5.47,24.6,buf,2018
23,314,5283,1018.0,19,7,314,299.0,513,21,12,5.8,162.0,465,2054,13,4.4,120.0,927.0,32.0,186.0,28.9,155,5.62,28.5,buf,2019
24,501,6343,1034.0,22,11,397,410.0,596,40,11,7.4,240.0,411,1723,16,4.2,119.0,941.0,38.0,170.0,30.7,179,6.28,37.3,buf,2020
25,483,6493,1143.0,22,6,398,415.0,655,36,16,6.3,236.0,461,2209,20,4.8,134.0,980.0,28.0,186.0,32.2,174,6.32,34.8,buf,2021
26,455,6361,1037.0,27,13,367,361.0,574,35,14,6.8,212.0,430,2232,15,5.2,128.0,709.0,27.0,171.0,30.0,167,6.25,37.1,buf,2022
27,451,6366,1115.0,28,10,381,385.0,579,29,18,6.9,199.0,512,2212,22,4.3,158.0,883.0,24.0,181.0,29.0,181,6.32,35.1,buf,2023
28,196,4135,962.0,37,16,225,256.0,484,9,21,4.3,125.0,428,1846,7,4.3,78.0,918.0,22.0,197.0,28.7,134,5.03,20.7,car,2010
29,406,6237,999.0,23,6,345,312.0,519,21,17,6.9,175.0,445,2408,26,5.4,139.0,1013.0,31.0,179.0,27.9,162,5.74,34.8,car,2011
30,357,5771,988.0,22,10,328,284.0,490,19,12,7,171.0,462,2088,21,4.5,123.0,835.0,34.0,175.0,25.8,164,5.77,32.9,car,2012
31,366,5069,999.0,19,6,319,292.0,473,24,13,5.9,169.0,483,2026,14,4.2,122.0,671.0,28.0,170.0,29.4,180,6.04,29.8,car,2013
32,339,5547,1060.0,23,11,347,327.0,545,23,12,6.0,199.0,473,2036,10,4.3,117.0,756.0,31.0,178.0,27.7,174,6.15,31.0,car,2014
33,500,5871,1060.0,19,9,357,300.0,501,35,10,6.7,197.0,526,2282,19,4.3,136.0,887.0,24.0,198.0,30.7,155,5.54,29.9,car,2015
34,369,5499,1052.0,29,10,318,306.0,563,21,19,6.2,194.0,453,1814,16,4.0,99.0,835.0,25.0,193.0,30.4,153,5.64,28.5,car,2016
35,363,5179,1026.0,22,6,320,293.0,501,22,16,5.7,167.0,490,2102,15,4.3,121.0,682.0,32.0,179.0,30.0,173,5.92,28.8,car,2017
36,376,5972,1011.0,22,6,356,378.0,563,28,16,6.4,212.0,416,2136,17,5.1,117.0,818.0,27.0,173.0,28.2,171,5.97,34.5,car,2018
37,340,5469,1077.0,35,14,335,382.0,633,17,21,5.3,230.0,386,1819,20,4.7,82.0,754.0,23.0,192.0,29.0,145,5.77,28.5,car,2019
38,350,5592,993.0,21,5,335,373.0,550,16,16,6.6,192.0,407,1704,19,4.2,110.0,752.0,33.0,159.0,28.5,187,6.47,35.1,car,2020
39,304,5081,1106.0,29,8,322,348.0,599,14,21,5.0,174.0,455,1842,17,4.0,118.0,864.0,30.0,195.0,28.3,161,5.82,26.0,car,2021
40,347,5206,976.0,21,8,281,267.0,457,16,13,6.1,138.0,483,2210,16,4.6,119.0,862.0,24.0,187.0,28.4,156,5.4,27.9,car,2022
41,236,4510,1096.0,20,10,297,350.0,586,13,10,4.2,150.0,445,1769,7,4.0,111.0,845.0,36.0,180.0,25.6,176,6.26,25.1,car,2023
42,334,4631,936.0,31,10,263,276.0,466,23,21,5.8,163.0,414,1616,10,3.9,76.0,768.0,24.0,198.0,33.7,143,4.88,23.4,chi,2010
43,353,5026,978.0,29,9,271,268.0,473,18,20,5.8,153.0,456,2015,10,4.4,97.0,800.0,21.0,199.0,27.0,147,5.08,25.2,chi,2011
44,375,4969,999.0,24,8,292,287.0,485,21,16,5.7,163.0,470,1970,11,4.2,99.0,811.0,30.0,195.0,31.1,157,5.29,25.4,chi,2012
45,445,6109,1013.0,23,10,344,373.0,579,32,13,7.0,215.0,404,1828,13,4.5,102.0,708.0,27.0,182.0,28.5,164,5.73,33.5,chi,2013
46,319,5233,1005.0,29,10,322,396.0,609,30,19,5.8,194.0,355,1441,8,4.1,91.0,997.0,37.0,180.0,25.9,161,5.67,29,chi,2014
47,335,5514,1025.0,21,9,312,334.0,523,21,12,6.6,177.0,468,1854,13,4.0,108.0,909.0,27.0,179.0,29.4,169,5.94,30.7,chi,2015
48,279,5704,967.0,31,12,324,347.0,559,19,19,6.8,212.0,380,1735,10,4.6,93.0,967.0,19.0,172.0,25.5,157,5.76,33.0,chi,2016
49,264,4599,934.0,22,10,266,291.0,473,13,12,5.5,144.0,422,1788,13,4.2,92.0,943.0,30.0,174.0,27.1,161,5.52,26.3,chi,2017
50,421,5502,1013.0,24,10,331,344.0,512,28,14,6.5,177.0,468,1938,16,4.1,108.0,796.0,46.0,182.0,30.4,171,5.76,30.1,chi,2018
51,280,4749,1020.0,19,7,297,371.0,580,20,12,5.3,178.0,395,1458,8,3.7,85.0,838.0,34.0,175.0,28.5,166,5.99,27.2,chi,2019
52,372,5302,1043.0,22,6,335,402.0,614,26,16,5.6,218.0,393,1647,12,4.2,93.0,777.0,24.0,175.0,30.5,167,6.14,30.3,chi,2020
53,311,5225,1075.0,29,9,333,332.0,542,16,20,5.3,180.0,475,2018,14,4.2,119.0,919.0,34.0,178.0,28.6,174,6.21,29.3,chi,2021
54,326,5233,993.0,25,10,278,223.0,377,19,15,5.1,109.0,558,3014,18,5.4,148.0,754.0,21.0,181.0,29.9,166,5.64,28.7,chi,2022
55,360,5495,1097.0,25,10,322,321.0,513,19,15,5.5,169.0,534,2399,16,4.5,137.0,853.0,16.0,184.0,29.8,177,6.15,29.8,chi,2023
56,322,5289,1046.0,34,14,317,365.0,590,26,20,6.1,206.0,428,1522,8,3.6,85.0,725.0,26.0,190.0,31.2,158,5.67,27.9,cin,2010
57,344,5118,1015.0,22,8,285,308.0,535,21,14,6.0,160.0,455,1778,10,3.9,93.0,874.0,32.0,197.0,30.1,148,5.35,26,cin,2011
58,391,5323,1016.0,26,10,292,335.0,540,28,16,6.1,173.0,430,1745,11,4.1,95.0,857.0,24.0,195.0,31.2,150,5.39,27.2,cin,2012
59,430,5891,1097.0,30,10,330,364.0,587,33,20,6.7,205.0,481,1755,14,3.6,101.0,1000.0,24.0,201.0,26.9,157,5.57,29.2,cin,2013
60,365,5568,1018.0,26,9,313,323.0,503,20,17,6.5,164.0,492,2147,19,4.4,122.0,812.0,27.0,191.0,30.3,153,5.5,29.1,cin,2014
61,419,5728,1004.0,17,8,324,334.0,505,31,9,7.3,191.0,467,1805,18,3.9,99.0,917.0,34.0,182.0,30.1,165,5.67,31.2,cin,2015
62,325,5711,1050.0,17,9,341,364.0,563,18,8,6.5,204.0,446,1769,17,4.0,100.0,726.0,37.0,176.0,26.8,165,6.15,32.4,cin,2016
63,290,4488,927.0,23,11,267,304.0,510,25,12,5.7,165.0,377,1366,6,3.6,72.0,1027.0,30.0,185.0,27.9,142,5.11,24.2,cin,2017
64,368,4972,938.0,17,4,304,331.0,542,27,13,5.7,182.0,359,1682,13,4.7,92.0,957.0,30.0,166.0,29.0,159,5.78,29.7,cin,2018
65,279,5169,1049.0,30,14,312,356.0,616,18,16,5.5,191.0,385,1517,9,3.9,85.0,761.0,36.0,181.0,28.0,157,5.97,28.5,cin,2019
66,311,5116,1040.0,24,13,318,372.0,581,19,11,5.5,201.0,411,1668,13,4.1,92.0,675.0,25.0,179.0,28.0,167,6.0,28.4,cin,2020
67,460,6145,1046.0,21,7,337,384.0,555,36,14,7.2,208.0,436,1742,16,4.0,96.0,620.0,33.0,190.0,29.8,169,5.68,32.2,cin,2021
68,418,5768,1053.0,18,6,357,418.0,610,35,12,6.5,221.0,399,1528,14,3.8,96.0,623.0,40.0,176.0,30.7,176,6.15,32.7,cin,2022
69,366,5422,1048.0,16,2,329,420.0,615,27,14,5.9,208.0,383,1527,12,4.0,90.0,614.0,31.0,188.0,28.0,168,5.74,28.8,cin,2023
70,271,4635,927.0,29,11,265,296.0,478,13,18,5.8,154.0,413,1646,13,4.0,87.0,675.0,24.0,177.0,29.8,154,5.4,26.1,cle,2010
71,218,4621,1024.0,19,6,278,320.0,570,16,13,5.1,173.0,415,1531,4,3.7,77.0,847.0,28.0,180.0,27.1,156,5.85,25.6,cle,2011
72,302,5028,998.0,26,8,279,328.0,566,16,18,5.7,185.0,396,1593,12,4.0,71.0,1005.0,23.0,191.0,29.0,142,5.39,26.2,cle,2012
73,308,5423,1078.0,29,9,301,379.0,681,26,20,5.5,200.0,348,1383,4,4.0,77.0,920.0,24.0,195.0,26.4,141,5.66,27.8,cle,2013
74,299,5193,1010.0,23,7,294,274.0,502,12,16,6.5,179.0,477,1728,17,3.6,88.0,932.0,27.0,193.0,26.8,140,5.4,26.8,cle,2014
75,278,5311,1042.0,30,18,307,371.0,609,20,12,5.7,192.0,380,1529,5,4.0,81.0,1083.0,34.0,178.0,27.4,167,6.03,29.8,cle,2015
76,264,4976,983.0,25,11,296,338.0,567,15,14,5.2,181.0,350,1712,13,4.9,83.0,736.0,32.0,180.0,23.4,151,5.63,27.4,cle,2016
77,234,4942,1008.0,41,13,290,312.0,574,15,28,5.2,157.0,384,1714,11,4.5,97.0,924.0,36.0,186.0,26.5,146,5.53,26.5,cle,2017
78,359,5900,1023.0,24,7,314,353.0,574,29,17,6.5,189.0,411,1893,15,4.6,93.0,894.0,32.0,202.0,28.5,140,5.21,29.2,cle,2018
79,335,5455,973.0,28,7,305,318.0,539,22,21,6.1,180.0,393,1901,15,4.8,90.0,1106.0,35.0,183.0,29.3,156,5.48,29.7,cle,2019
80,408,5913,1022.0,16,8,355,315.0,501,27,8,6.7,195.0,495,2374,21,4.8,133.0,870.0,27.0,165.0,28.1,180,6.34,35.6,cle,2020
81,349,5791,1054.0,22,8,342,320.0,520,21,14,5.8,177.0,485,2471,20,5.1,138.0,1035.0,27.0,177.0,28.4,177,6.08,32.6,cle,2021
82,361,5934,1116.0,21,9,350,335.0,540,19,12,5.9,182.0,532,2490,19,4.7,142.0,865.0,26.0,179.0,28.2,180,6.37,33.0,cle,2022
83,396,5710,1187.0,37,14,325,355.0,624,24,23,5.5,173.0,518,2017,15,3.9,121.0,897.0,31.0,222.0,29.7,148,5.5,25.6,cle,2023
84,435,6092,1088.0,25,8,366,450.0,679,33,17,6.6,253.0,393,1483,13,3.8,87.0,709.0,26.0,179.0,27.5,160,6.23,34,clt,2010
85,243,4589,951.0,29,15,258,302.0,534,14,14,5.3,170.0,382,1594,8,4.2,69.0,549.0,19.0,186.0,23.5,135,5.26,24.6,clt,2011
86,357,5799,1109.0,27,9,360,339.0,628,23,18,6.2,208.0,440,1671,11,3.8,110.0,801.0,42.0,180.0,24.8,164,6.34,32.2,clt,2012
87,391,5468,1023.0,14,4,318,350.0,582,23,10,6.1,191.0,409,1743,15,4.3,88.0,576.0,39.0,188.0,28.0,152,5.65,29.1,clt,2013
88,458,6506,1105.0,31,15,371,410.0,661,42,16,7.1,251.0,415,1612,9,3.9,80.0,848.0,40.0,205.0,28.7,149,5.54,31.6,clt,2014
89,333,5142,1052.0,30,11,311,355.0,619,26,19,5.6,195.0,396,1438,6,3.6,77.0,931.0,39.0,194.0,26.8,149,5.56,26.5,clt,2015
90,411,5830,1037.0,22,7,351,370.0,584,32,15,6.7,220.0,409,1628,13,4.0,93.0,883.0,38.0,180.0,28.3,165,5.94,32.3,clt,2016
91,263,4553,994.0,15,6,267,285.0,487,13,9,5.3,148.0,451,1661,11,3.7,94.0,779.0,25.0,180.0,27.3,158,5.72,25.2,clt,2017
92,433,6179,1070.0,24,9,371,432.0,644,39,15,6.7,237.0,408,1718,13,4.2,96.0,953.0,38.0,182.0,29.8,159,6.04,33.9,clt,2018
93,361,5238,1016.0,21,11,340,307.0,513,22,10,5.7,165.0,471,2130,17,4.5,131.0,670.0,44.0,168.0,27.8,172,6.23,31.1,clt,2019
94,451,6049,1032.0,15,4,364,371.0,552,24,11,7.1,201.0,459,1996,20,4.3,129.0,899.0,34.0,171.0,30.2,175,6.25,35.4,clt,2020
95,451,5901,1052.0,19,11,354,324.0,521,27,8,6.1,167.0,499,2540,22,5.1,154.0,688.0,33.0,180.0,31.6,182,6.04,32.8,clt,2021
96,289,5298,1103.0,34,14,310,398.0,604,17,20,5.2,193.0,439,1866,8,4.3,91.0,794.0,26.0,195.0,28.9,160,5.86,27.0,clt,2022
97,396,5725,1094.0,22,12,324,355.0,574,18,10,6.0,178.0,479,2059,19,4.3,113.0,685.0,33.0,196.0,28.3,153,5.79,29.2,clt,2023
98,289,4309,931.0,35,16,241,285.0,561,10,19,4.8,154.0,320,1388,9,4.3,67.0,870.0,20.0,190.0,29.7,133,5.04,22.7,crd,2010
99,312,5192,993.0,32,9,286,307.0,550,21,23,5.9,175.0,389,1625,12,4.2,83.0,1004.0,28.0,199.0,25.6,138,5.11,26.0,crd,2011
100,250,4209,1018.0,34,13,246,337.0,608,11,21,4.5,168.0,352,1204,10,3.4,58.0,857.0,20.0,209.0,30.4,135,5.0,20.1,crd,2012
101,379,5542,1037.0,31,9,329,363.0,574,24,22,6.5,205.0,422,1540,12,3.6,84.0,744.0,40.0,200.0,28.9,149,5.37,27.7,crd,2013
102,310,5116,993.0,17,5,302,320.0,568,21,12,6.4,191.0,397,1308,6,3.3,67.0,707.0,44.0,181.0,26.9,158,5.67,28.3,crd,2014
103,489,6533,1041.0,24,11,373,353.0,562,35,13,7.8,237.0,452,1917,16,4.2,92.0,758.0,44.0,186.0,27.8,165,5.77,35.1,crd,2015
104,418,5868,1086.0,28,11,368,383.0,646,28,17,6.0,229.0,399,1732,20,4.3,97.0,889.0,42.0,197.0,29.7,151,5.66,29.5,crd,2016
105,295,5026,1060.0,25,7,310,339.0,598,21,18,5.6,200.0,410,1386,6,3.4,66.0,880.0,44.0,202.0,29.7,148,5.4,24.9,crd,2017
106,225,3865,902.0,28,10,239,283.0,495,15,18,4.6,137.0,355,1342,9,3.8,76.0,786.0,26.0,187.0,28.0,136,4.94,20.6,crd,2018
107,361,5467,1000.0,18,6,314,355.0,554,20,12,5.8,176.0,396,1990,18,5.0,109.0,956.0,29.0,178.0,27.7,149,5.81,30.6,crd,2019
108,410,6153,1083.0,21,8,381,387.0,575,27,13,6.5,211.0,479,2237,22,4.7,136.0,868.0,34.0,179.0,29.1,156,6.22,34.4,crd,2020
109,449,6352,1126.0,15,4,367,415.0,591,27,11,6.8,214.0,496,2076,23,4.2,127.0,990.0,26.0,179.0,29.5,178,6.5,35.2,crd,2021
110,340,5499,1144.0,25,8,326,433.0,664,17,17,5.1,189.0,434,1873,15,4.3,115.0,916.0,22.0,187.0,26.8,165,6.29,29.2,crd,2022
111,330,5509,1068.0,18,6,330,355.0,555,18,12,5.3,173.0,471,2365,17,5.0,127.0,859.0,30.0,180.0,26.2,166,6.12,30.4,crd,2023
112,394,5828,1035.0,30,11,327,379.0,576,29,19,6.7,201.0,428,1786,10,4.2,104.0,863.0,22.0,182.0,28.8,166,5.86,31.8,dal,2010
113,369,6008,1017.0,21,9,327,376.0,570,33,12,6.9,219.0,408,1807,5,4.4,91.0,816.0,17.0,185.0,29.0,163,5.7,32.4,dal,2011
114,376,5994,1049.0,29,10,338,434.0,658,29,19,6.8,237.0,355,1265,8,3.6,76.0,853.0,25.0,180.0,27.2,165,6.0,33.2,dal,2012
115,439,5458,957.0,20,8,325,375.0,586,33,12,6.4,213.0,336,1504,12,4.5,80.0,867.0,32.0,183.0,29.7,152,5.39,29.7,dal,2013
116,467,6138,1014.0,25,14,342,328.0,476,37,11,7.5,205.0,508,2354,16,4.6,106.0,839.0,31.0,179.0,28.9,176,5.83,34.1,dal,2014
117,275,5361,969.0,33,11,307,334.0,528,16,22,6.2,175.0,408,1890,8,4.6,94.0,882.0,38.0,172.0,24.5,174,5.82,31.1,dal,2015
118,421,6027,1010.0,15,9,358,325.0,483,25,6,7.1,191.0,499,2396,24,4.8,142.0,879.0,25.0,173.0,28.8,177,6.04,34.8,dal,2016
119,354,5311,1005.0,22,9,314,309.0,493,22,13,6.0,162.0,480,2170,18,4.5,127.0,939.0,25.0,171.0,29.9,170,6.09,31.1,dal,2017
120,339,5501,1022.0,17,9,322,356.0,527,22,8,6.1,184.0,439,1963,13,4.5,113.0,885.0,25.0,169.0,27.9,179,6.27,32.5,dal,2018
121,434,6904,1069.0,18,7,379,388.0,597,30,11,7.7,229.0,449,2153,18,4.8,120.0,1008.0,30.0,175.0,26.3,162,6.34,39.4,dal,2019
122,395,5949,1113.0,26,13,371,413.0,639,25,13,6.1,231.0,430,1788,14,4.2,115.0,849.0,25.0,180.0,28.5,151,6.41,32.9,dal,2020
123,530,6919,1153.0,20,9,390,444.0,647,40,11,7.1,248.0,473,2119,15,4.5,111.0,1103.0,31.0,192.0,28.5,163,6.19,35.9,dal,2021
124,467,6034,1114.0,23,5,347,355.0,556,28,18,6.4,194.0,531,2298,24,4.3,129.0,842.0,24.0,195.0,29.0,155,5.88,30.9,dal,2022
125,509,6317,1122.0,16,6,385,428.0,614,36,10,6.7,229.0,468,1920,14,4.1,113.0,964.0,43.0,169.0,28.9,191,6.85,37.3,dal,2023
126,344,5582,1018.0,27,15,309,334.0,580,25,12,6.5,204.0,398,1544,13,3.9,81.0,944.0,24.0,196.0,27.5,138,5.32,28.4,den,2010
127,309,5066,1017.0,30,17,286,217.0,429,20,13,5.2,130.0,546,2632,11,4.8,129.0,843.0,27.0,204.0,26.7,140,5.11,24.8,den,2011
128,481,6366,1090.0,25,14,380,402.0,588,37,11,7.4,232.0,481,1832,12,3.8,112.0,805.0,36.0,188.0,29.1,160,5.97,33.9,den,2012
129,606,7317,1156.0,26,16,435,461.0,675,55,10,7.8,293.0,461,1873,16,4.1,107.0,1000.0,35.0,202.0,28.3,145,5.85,36.2,den,2013
130,482,6446,1067.0,20,5,360,399.0,607,40,15,7.5,227.0,443,1785,15,4.0,98.0,1045.0,35.0,198.0,28.9,149,5.54,32.6,den,2014
131,355,5688,1056.0,31,8,314,368.0,606,19,23,6.2,201.0,411,1718,13,4.2,85.0,1063.0,28.0,199.0,25.9,147,5.48,28.6,den,2015
132,333,5169,1020.0,25,14,290,339.0,570,20,11,6,181.0,410,1484,11,3.6,76.0,985.0,33.0,198.0,29.1,141,5.33,26.1,den,2016
133,289,5185,1075.0,34,12,297,332.0,566,19,22,5.4,180.0,457,1852,8,4.1,92.0,885.0,25.0,193.0,27.0,157,5.73,26.9,den,2017
134,329,5602,1015.0,21,6,320,367.0,588,19,15,5.9,181.0,393,1907,18,4.9,107.0,985.0,32.0,186.0,27.8,150,5.63,30.1,den,2018
135,282,4777,954.0,16,6,279,312.0,504,16,10,5.7,162.0,409,1662,11,4.1,77.0,912.0,40.0,173.0,27.6,163,5.71,27.6,den,2019
136,323,5369,1030.0,32,9,308,317.0,556,21,23,5.9,176.0,442,1918,13,4.3,94.0,670.0,38.0,188.0,26.9,148,5.66,28.4,den,2020
137,335,5618,1036.0,18,9,331,354.0,541,20,9,6.2,179.0,455,2025,16,4.5,124.0,711.0,28.0,168.0,28.0,187,6.35,33.5,den,2021
138,287,5527,1078.0,24,9,300,345.0,571,18,15,5.7,166.0,444,1935,11,4.4,105.0,970.0,29.0,199.0,26.5,153,5.6,27.6,den,2022
139,357,5072,1016.0,22,13,301,337.0,513,28,9,5.8,154.0,451,1810,8,4,116.0,749.0,31.0,189.0,30.8,159,5.56,26.8,den,2023
140,362,5423,1064.0,25,9,304,383.0,633,26,16,5.8,199.0,404,1613,11,4.0,83.0,1018.0,22.0,193.0,29.3,148,5.67,28.1,det,2010
141,474,6337,1058.0,23,7,349,423.0,666,41,16,6.9,244.0,356,1523,9,4.3,71.0,1075.0,34.0,197.0,28.7,147,5.52,32.2,det,2011
142,372,6540,1160.0,33,16,382,445.0,740,22,17,6.4,272.0,391,1613,17,4.1,84.0,944.0,26.0,197.0,25.1,156,6.07,33.2,det,2012
143,395,6274,1102.0,34,15,350,371.0,634,29,19,6.8,221.0,445,1792,15,4.0,106.0,925.0,23.0,196.0,27.1,158,5.74,31.8,det,2013
144,321,5452,1045.0,20,8,310,365.0,604,22,12,6.2,210.0,396,1422,11,3.6,72.0,989.0,28.0,179.0,29.9,170,6.05,30.4,det,2014
145,358,5547,1030.0,24,10,337,420.0,632,33,14,6.2,236.0,354,1335,7,3.8,71.0,930.0,30.0,179.0,25.6,169,5.89,31,det,2015
146,346,5421,981.0,15,5,329,388.0,594,24,10,6.5,217.0,350,1310,9,3.7,76.0,861.0,36.0,156.0,25.7,185,6.51,34.8,det,2016
147,410,5404,980.0,22,11,296,374.0,570,29,11,6.8,210.0,363,1221,10,3.4,58.0,968.0,28.0,185.0,29.9,155,5.5,29.1,det,2017
148,324,5236,1019.0,19,7,325,375.0,574,22,12,5.8,201.0,404,1660,11,4.1,91.0,852.0,33.0,173.0,27.7,174,6.13,30.3,det,2018
149,341,5549,1021.0,23,8,313,344.0,571,28,15,6.4,196.0,407,1649,7,4.1,82.0,937.0,35.0,183.0,28.6,153,5.75,30.3,det,2019
150,377,5603,991.0,21,8,350,374.0,582,27,13,6.6,220.0,367,1499,17,4.1,93.0,860.0,37.0,169.0,28.3,158,6.0,33.0,det,2020
151,325,5484,1056.0,23,9,329,396.0,593,23,14,5.7,193.0,427,1886,12,4.4,104.0,824.0,32.0,178.0,29.1,167,6.1,30.8,det,2021
152,453,6460,1092.0,15,8,376,383.0,588,29,7,7,228.0,480,2179,23,4.5,114.0,773.0,34.0,176.0,30.1,173,6.38,36.6,det,2022
153,461,6712,1137.0,23,11,375,408.0,606,30,12,6.9,228.0,500,2311,27,4.6,124.0,843.0,23.0,187.0,30.4,171,6.19,35.8,det,2023
154,388,5730,1000.0,22,9,312,352.0,541,31,13,7.1,204.0,421,1606,11,3.8,88.0,617.0,20.0,183.0,29.8,168,5.62,31.3,gnb,2010
155,560,6482,988.0,14,6,353,376.0,552,51,8,8.3,230.0,395,1558,12,3.9,89.0,591.0,34.0,180.0,30.8,162,5.64,36.0,gnb,2011
156,433,5751,1042.0,16,8,341,374.0,558,40,8,6.6,213.0,433,1702,9,3.9,85.0,923.0,43.0,186.0,31.2,157,5.78,30.9,gnb,2012
157,417,6404,1074.0,25,9,351,366.0,570,25,16,6.9,201.0,459,2136,17,4.7,119.0,801.0,31.0,186.0,28.2,159,5.97,34.5,gnb,2013
158,486,6178,1001.0,13,7,356,349.0,536,38,6,7.5,222.0,435,1917,14,4.4,104.0,775.0,30.0,169.0,28.5,173,6.12,36.5,gnb,2014
159,368,5353,1056.0,17,9,317,348.0,573,31,8,5.7,173.0,436,1850,8,4.2,100.0,906.0,44.0,192.0,28.1,151,5.65,27.8,gnb,2015
160,432,5900,1029.0,17,9,349,403.0,620,40,8,6.4,222.0,374,1701,11,4.5,91.0,827.0,36.0,176.0,29.6,170,6.03,33.6,gnb,2016
161,320,4891,999.0,25,7,307,352.0,562,25,18,5.2,176.0,386,1724,13,4.5,99.0,789.0,32.0,174.0,26.5,161,5.89,28.1,gnb,2017
162,376,5905,1026.0,15,11,332,392.0,640,25,4,6.1,208.0,333,1667,14,5.0,98.0,937.0,26.0,178.0,27.5,162,6.03,33.2,gnb,2018
163,376,5528,1020.0,13,9,320,356.0,573,26,4,6.1,190.0,411,1795,18,4.4,90.0,774.0,40.0,177.0,34.1,171,5.9,31.2,gnb,2019
164,509,6224,990.0,11,6,358,372.0,526,48,5,7.5,216.0,443,2118,16,4.8,114.0,684.0,28.0,161.0,28.8,194,6.25,38.6,gnb,2020
165,450,6215,1072.0,13,6,375,402.0,593,39,7,6.9,235.0,446,1900,13,4.3,109.0,678.0,31.0,173.0,30.0,194,6.39,35.9,gnb,2021
166,370,5745,1051.0,22,10,334,364.0,563,27,12,6.1,186.0,456,2113,12,4.6,116.0,747.0,32.0,177.0,29.9,184,6.1,32.5,gnb,2022
167,383,5873,1052.0,18,7,338,374.0,581,32,11,6.5,211.0,441,1905,10,4.3,101.0,856.0,26.0,174.0,29.8,174,6.24,33.8,gnb,2023
168,390,6186,1029.0,18,6,360,365.0,574,24,12,6.8,222.0,423,2042,20,4.8,118.0,690.0,20.0,179.0,25.6,158,5.92,34.5,htx,2010
169,381,5954,1046.0,20,11,321,288.0,467,20,9,7.0,176.0,546,2448,18,4.5,131.0,852.0,14.0,191.0,30.3,164,5.68,31.1,htx,2011
170,416,5953,1090.0,17,4,341,354.0,554,22,13,6.6,205.0,508,2123,19,4.2,114.0,873.0,22.0,202.0,27.0,160,5.58,29.5,htx,2012
171,276,5556,1089.0,31,9,307,371.0,633,19,22,5.6,198.0,414,1743,7,4.2,90.0,1138.0,19.0,201.0,25.8,150,5.59,27.6,htx,2013
172,372,5513,1062.0,22,9,313,295.0,485,22,13,6.6,171.0,551,2161,12,3.9,108.0,834.0,34.0,194.0,27.7,154,5.65,28.2,htx,2014
173,339,5564,1127.0,20,8,335,358.0,619,29,12,5.9,210.0,472,1731,7,3.7,90.0,910.0,35.0,204.0,25.5,145,5.66,27.3,htx,2015
174,279,5035,1071.0,24,8,305,347.0,583,15,16,5.2,173.0,456,1859,8,4.1,102.0,868.0,30.0,185.0,28.6,164,6.02,27.2,htx,2016
175,338,5120,1027.0,28,11,313,299.0,525,28,17,5.7,180.0,448,1842,8,4.1,86.0,1050.0,47.0,192.0,25.3,150,5.49,26.7,htx,2017
176,402,5802,1040.0,16,7,333,345.0,506,26,9,6.7,202.0,472,2021,12,4.3,94.0,787.0,37.0,186.0,31.3,159,5.84,31.1,htx,2018
177,378,5792,1017.0,22,8,346,355.0,534,27,14,6.5,203.0,434,2009,17,4.6,112.0,892.0,31.0,169.0,28.8,171,6.17,34.2,htx,2019
178,384,6004,940.0,18,11,326,383.0,546,33,7,7.6,222.0,344,1466,10,4.3,83.0,619.0,21.0,163.0,26.7,161,5.96,36.8,htx,2020
179,280,4727,1010.0,22,7,266,354.0,546,21,15,5.6,162.0,420,1422,8,3.4,77.0,978.0,27.0,188.0,29.3,153,5.52,25.1,htx,2021
180,289,4820,1015.0,28,9,277,352.0,579,20,19,5.4,159.0,398,1476,7,3.7,90.0,644.0,28.0,198.0,28.2,149,5.28,24.3,htx,2022
181,377,5820,1083.0,14,6,329,372.0,592,27,8,6.5,215.0,444,1647,10,3.7,84.0,937.0,30.0,191.0,27.1,159,5.87,30.4,htx,2023
182,353,5460,1019.0,33,12,330,291.0,469,26,21,6.0,161.0,512,2395,14,4.7,148.0,675.0,21.0,177.0,30.2,173,5.92,30.7,jax,2010
183,243,4149,1002.0,23,8,251,240.0,469,12,15,4.2,122.0,489,1970,9,4.0,103.0,680.0,26.0,194.0,28.8,149,5.29,20.8,jax,2011
184,255,4788,994.0,26,9,269,328.0,586,20,17,5.4,157.0,358,1369,5,3.8,76.0,955.0,36.0,196.0,26.6,137,5.21,24.4,jax,2012
185,247,4701,1020.0,27,6,271,349.0,592,16,21,5.4,176.0,378,1260,7,3.3,71.0,797.0,24.0,195.0,28.2,135,5.36,24.0,jax,2013
186,249,4634,988.0,26,8,271,325.0,557,15,18,4.8,154.0,360,1633,9,4.5,86.0,573.0,31.0,195.0,25.7,134,5.2,23.7,jax,2014
187,376,5581,1012.0,28,10,313,355.0,607,35,18,6.2,215.0,354,1473,5,4.2,69.0,880.0,29.0,193.0,27.2,139,5.4,28.6,jax,2015
188,318,5359,1052.0,29,13,321,369.0,626,24,16,5.6,207.0,392,1631,8,4.2,75.0,1187.0,39.0,191.0,26.6,147,5.71,28.0,jax,2016
189,417,5855,1078.0,23,10,332,316.0,527,21,13,6.5,193.0,527,2262,18,4.3,101.0,936.0,38.0,199.0,29.2,156,5.6,29.4,jax,2017
190,245,4832,1005.0,29,16,277,329.0,536,15,13,5.3,164.0,416,1723,7,4.1,92.0,1112.0,21.0,180.0,27.0,161,5.76,26.9,jax,2018
191,300,5468,1020.0,20,12,298,364.0,589,24,8,6.0,183.0,389,1708,3,4.4,85.0,1165.0,30.0,177.0,25.9,165,5.95,30.9,jax,2019
192,306,5218,997.0,25,9,310,387.0,616,25,16,5.6,205.0,337,1519,9,4.5,80.0,1071.0,25.0,171.0,26.5,156,5.98,30.5,jax,2020
193,253,5191,1028.0,29,12,304,361.0,604,12,17,5.4,178.0,392,1755,13,4.5,92.0,856.0,34.0,178.0,25.7,157,5.93,29.2,jax,2021
194,404,6075,1072.0,22,13,352,394.0,596,25,9,6.3,208.0,448,2116,16,4.7,114.0,674.0,30.0,181.0,29.6,168,6.12,33.5,jax,2022
195,377,5772,1114.0,30,16,336,412.0,620,22,14,6.2,199.0,453,1646,17,3.6,98.0,644.0,39.0,195.0,31.2,162,5.9,29.5,jax,2023
196,366,5595,1063.0,14,6,319,274.0,475,27,8,5.9,167.0,556,2627,13,4.7,129.0,771.0,23.0,192.0,30.5,158,5.67,29.1,kan,2010
197,212,4973,1021.0,28,10,277,299.0,500,13,18,5.8,163.0,487,1893,5,3.9,89.0,916.0,25.0,189.0,24.6,150,5.56,26.3,kan,2011
198,211,5108,1015.0,37,17,286,273.0,475,8,20,5.3,144.0,500,2395,9,4.8,118.0,733.0,24.0,186.0,26.4,157,5.64,27.4,kan,2012
199,430,5396,1029.0,18,10,323,333.0,546,24,8,5.7,179.0,442,2056,17,4.7,110.0,774.0,34.0,197.0,33.4,151,5.37,27.3,kan,2013
200,353,5100,962.0,17,11,309,320.0,493,18,6,5.9,184.0,420,1918,18,4.6,92.0,681.0,33.0,173.0,29.3,166,5.73,29.4,kan,2014
201,405,5299,955.0,15,8,303,310.0,473,20,7,6.3,155.0,436,2044,19,4.7,116.0,878.0,32.0,182.0,31.3,163,5.45,29.1,kan,2015
202,389,5488,990.0,17,9,305,365.0,546,19,8,6.5,197.0,412,1748,15,4.2,86.0,848.0,22.0,178.0,30.5,165,5.79,30.7,kan,2016
203,415,6007,985.0,11,3,322,363.0,543,26,8,7.1,198.0,405,1903,12,4.7,95.0,1044.0,29.0,176.0,29.1,169,5.86,34.0,kan,2017
204,565,6810,996.0,18,6,384,385.0,583,50,12,8.1,239.0,387,1855,16,4.8,108.0,1152.0,37.0,171.0,30.9,164,6.02,39.8,kan,2018
205,451,6067,976.0,15,10,350,378.0,576,30,5,7.5,211.0,375,1569,16,4.2,93.0,1029.0,46.0,164.0,28.8,172,6.18,37,kan,2019
206,473,6653,1057.0,16,9,397,420.0,630,40,7,7.4,255.0,403,1799,13,4.5,110.0,919.0,32.0,163.0,28.2,180,6.65,40.7,kan,2020
207,480,6746,1134.0,25,12,419,448.0,675,37,13,6.8,267.0,431,1955,16,4.5,119.0,925.0,33.0,168.0,28.7,188,6.94,40.1,kan,2021
208,496,7032,1094.0,23,11,408,435.0,651,41,12,7.5,272.0,417,1970,18,4.7,105.0,838.0,31.0,179.0,28.9,173,6.29,39.3,kan,2022
209,371,5972,1080.0,28,11,350,421.0,635,28,17,6.3,216.0,417,1784,9,4.3,107.0,845.0,27.0,178.0,28.6,173,6.22,33.3,kan,2023
210,273,5170,1040.0,31,10,300,335.0,557,17,21,5.9,189.0,445,1643,8,3.7,91.0,595.0,20.0,185.0,28.6,160,5.84,27.7,mia,2010
211,329,5078,990.0,25,12,287,280.0,469,20,13,5.9,166.0,469,1987,11,4.2,89.0,779.0,32.0,195.0,29.5,151,5.28,25.9,mia,2011
212,288,4984,981.0,26,13,288,293.0,504,13,13,5.9,158.0,440,1802,15,4.1,93.0,724.0,37.0,186.0,25.3,150,5.44,26.8,mia,2012
213,317,5007,1001.0,26,7,278,357.0,594,24,19,5.5,205.0,349,1440,8,4.1,61.0,598.0,12.0,194.0,27.9,142,5.34,25.6,mia,2013
214,388,5601,1040.0,23,11,361,394.0,595,27,12,5.8,226.0,399,1872,12,4.7,99.0,635.0,36.0,181.0,31.1,160,5.95,30.9,mia,2014
215,310,5307,977.0,19,7,291,365.0,588,24,12,6,194.0,344,1496,11,4.3,72.0,1090.0,25.0,187.0,26.0,141,5.31,28.3,mia,2015
216,363,5324,913.0,23,8,278,316.0,477,27,15,6.9,167.0,406,1824,14,4.5,90.0,1142.0,21.0,189.0,29.6,147,4.96,28.0,mia,2016
217,281,4923,995.0,29,8,284,373.0,602,24,21,5.6,187.0,360,1388,4,3.9,66.0,1154.0,31.0,190.0,28.1,149,5.39,25.9,mia,2017
218,319,4638,878.0,23,10,252,292.0,455,26,13,5.7,153.0,371,1738,7,4.7,75.0,978.0,24.0,184.0,29.4,147,4.92,25.0,mia,2018
219,306,4960,1022.0,26,8,315,371.0,615,22,18,5.7,210.0,349,1156,10,3.3,64.0,769.0,41.0,182.0,27.7,152,5.78,27.1,mia,2019
220,404,5424,1021.0,20,7,345,370.0,559,24,13,6.3,207.0,428,1688,15,3.9,100.0,635.0,38.0,181.0,29.7,166,5.86,30.0,mia,2020
221,341,5219,1097.0,26,12,325,404.0,615,21,14,5.6,206.0,442,1568,12,3.5,87.0,825.0,32.0,186.0,28.0,167,6.06,27.9,mia,2021
222,397,6197,1009.0,21,6,342,368.0,584,30,15,7.3,220.0,390,1686,12,4.3,93.0,881.0,29.0,178.0,26.6,168,5.85,34.9,mia,2022
223,496,6822,1053.0,25,10,360,393.0,566,30,15,7.6,223.0,456,2308,27,5.1,113.0,767.0,24.0,186.0,29.6,165,5.81,36.5,mia,2023
224,281,5039,982.0,37,11,289,305.0,505,14,26,5.7,159.0,441,1942,16,4.4,104.0,769.0,26.0,189.0,30.2,154,5.29,26.4,min,2010
225,340,5275,1007.0,26,9,297,286.0,510,20,17,5.3,159.0,448,2318,18,5.2,118.0,908.0,20.0,189.0,29.1,146,5.48,27.9,min,2011
226,379,5385,1001.0,23,11,306,300.0,483,18,12,5.3,163.0,486,2634,16,5.4,113.0,830.0,30.0,182.0,27.4,152,5.71,29.5,min,2012
227,391,5508,1013.0,32,13,309,325.0,546,18,19,5.8,173.0,423,2081,23,4.9,106.0,695.0,30.0,195.0,28.1,140,5.35,28.3,min,2013
228,325,5048,981.0,20,2,288,322.0,517,17,18,5.7,171.0,413,1804,12,4.4,90.0,836.0,27.0,176.0,27.3,157,5.77,28.5,min,2014
229,365,5139,973.0,17,8,297,294.0,454,14,9,5.9,153.0,474,2211,18,4.7,113.0,797.0,31.0,172.0,30.2,170,5.88,29.9,min,2015
230,327,5041,1006.0,16,11,303,414.0,588,20,5,6.1,209.0,380,1205,9,3.2,66.0,882.0,28.0,174.0,31.2,169,5.96,28.9,min,2016
231,382,5710,1055.0,14,6,334,357.0,527,25,8,6.8,196.0,501,1957,15,3.9,100.0,949.0,38.0,185.0,29.4,168,5.91,30.9,min,2017
232,360,5529,1003.0,20,10,310,425.0,606,30,10,6.2,218.0,357,1493,9,4.2,66.0,779.0,26.0,188.0,30.3,151,5.52,29.2,min,2018
233,407,5656,970.0,20,12,314,319.0,466,26,8,7.1,171.0,476,2133,19,4.5,106.0,895.0,37.0,173.0,29.6,160,5.77,32.6,min,2019
234,430,6292,1023.0,23,10,383,349.0,516,35,13,7.2,212.0,468,2283,20,4.9,139.0,650.0,32.0,176.0,26.2,164,5.94,35.7,min,2020
235,425,6168,1083.0,13,6,332,398.0,604,34,7,6.7,202.0,449,1930,10,4.3,103.0,1043.0,27.0,196.0,28.6,154,5.72,31.4,min,2021
236,424,6145,1123.0,23,8,382,448.0,672,30,15,6.2,244.0,404,1661,18,4.1,93.0,684.0,45.0,197.0,29.0,154,5.77,30.8,min,2022
237,344,5912,1071.0,34,15,340,424.0,631,30,19,6.4,220.0,393,1553,7,4.0,79.0,670.0,41.0,179.0,26.6,167,6.15,32.9,min,2023
238,384,5960,1067.0,31,9,351,450.0,661,33,22,6.5,236.0,380,1519,9,4.0,94.0,884.0,21.0,174.0,29.2,177,6.31,34.2,nor,2010
239,547,7474,1117.0,19,5,416,472.0,662,46,14,7.8,280.0,431,2127,16,4.9,116.0,851.0,20.0,175.0,28.2,175,6.58,42.6,nor,2011
240,461,6574,1067.0,24,5,352,423.0,671,43,19,7.2,267.0,370,1577,10,4.3,64.0,911.0,21.0,190.0,24.2,146,5.73,34.7,nor,2012
241,414,6391,1079.0,19,7,359,446.0,651,39,12,7.1,244.0,391,1473,10,3.8,87.0,817.0,28.0,181.0,27.8,173,6.14,35.3,nor,2013
242,401,6582,1095.0,30,13,395,456.0,659,33,17,6.9,258.0,406,1818,16,4.5,101.0,670.0,36.0,174.0,25.5,169,6.42,37.7,nor,2014
243,408,6461,1096.0,20,8,381,460.0,667,32,12,7.1,247.0,397,1491,16,3.8,98.0,1112.0,36.0,182.0,26.4,165,6.16,35.5,nor,2015
244,469,6816,1105.0,24,9,395,472.0,674,38,15,7.2,265.0,404,1742,17,4.3,105.0,969.0,25.0,181.0,27.4,164,6.28,37.8,nor,2016
245,448,6259,1000.0,18,10,332,386.0,536,23,8,7.5,201.0,444,2070,23,4.7,111.0,967.0,20.0,175.0,29.6,171,5.97,35.6,nor,2017
246,504,6067,1010.0,16,9,377,381.0,519,33,7,7.5,210.0,471,2025,26,4.3,134.0,939.0,33.0,168.0,31.5,182,6.15,36.1,nor,2018
247,458,5982,1011.0,8,2,347,418.0,581,36,6,7.0,230.0,405,1738,12,4.3,97.0,1036.0,20.0,173.0,33.7,179,6.05,34.6,nor,2019
248,482,6023,1045.0,17,9,367,370.0,522,28,8,6.8,199.0,494,2265,30,4.6,147.0,1005.0,21.0,178.0,32.0,174,6.03,33.9,nor,2020
249,364,5177,1051.0,18,5,307,293.0,504,29,13,5.9,165.0,510,1991,12,3.9,113.0,811.0,29.0,196.0,31.1,159,5.52,26.4,nor,2021
250,330,5674,1015.0,25,11,305,338.0,512,24,14,6.7,181.0,465,1982,12,4.3,103.0,841.0,21.0,186.0,27.7,162,5.62,30.5,nor,2022
251,402,5732,1121.0,18,7,337,406.0,606,28,11,6.2,199.0,480,1742,13,3.6,112.0,846.0,26.0,194.0,31.2,164,5.97,29.6,nor,2023
252,518,5820,986.0,10,5,335,331.0,507,37,5,7.2,196.0,454,1973,19,4.3,119.0,766.0,20.0,166.0,32.1,170,6.09,35.0,nwe,2010
253,513,6848,1082.0,17,5,399,402.0,612,39,12,7.9,262.0,438,1764,18,4.0,107.0,815.0,30.0,180.0,29.3,153,6.19,37.9,nwe,2011
254,557,6846,1191.0,16,7,444,402.0,641,34,9,7.0,256.0,523,2184,25,4.2,151.0,840.0,37.0,185.0,28.4,160,6.63,37.0,nwe,2012
255,444,6152,1138.0,20,9,378,380.0,628,25,11,6.1,225.0,470,2065,19,4.4,110.0,625.0,43.0,201.0,30.0,145,5.87,30.6,nwe,2013
256,468,5848,1073.0,13,4,361,392.0,609,34,9,6.5,228.0,438,1727,13,3.9,96.0,1080.0,37.0,181.0,30.6,157,6.13,32.3,nwe,2014
257,465,5991,1050.0,14,7,348,404.0,629,36,7,6.9,230.0,383,1404,14,3.7,87.0,860.0,31.0,192.0,30.1,151,5.66,31.2,nwe,2015
258,441,6180,1056.0,11,9,351,368.0,550,32,2,7.5,203.0,482,1872,19,3.9,109.0,819.0,39.0,182.0,30.9,165,6.02,33.9,nwe,2016
259,458,6307,1070.0,12,4,389,389.0,587,32,8,7.1,232.0,448,1889,16,4.2,107.0,835.0,50.0,174.0,28.5,169,6.38,36.1,nwe,2017
260,436,6295,1073.0,18,7,365,378.0,574,29,11,7.2,206.0,478,2037,18,4.3,131.0,744.0,28.0,184.0,29.9,162,6.05,34.2,nwe,2018
261,420,5664,1095.0,15,6,338,378.0,620,25,9,6.1,197.0,447,1703,17,3.8,110.0,828.0,31.0,190.0,32.7,160,5.94,29.8,nwe,2019
262,326,5236,979.0,19,5,332,283.0,440,12,14,6.1,157.0,502,2346,20,4.7,143.0,534.0,32.0,157.0,28.5,177,6.41,33.1,nwe,2020
263,462,6008,1052.0,23,10,362,364.0,535,24,13,6.9,187.0,489,2151,24,4.4,139.0,854.0,36.0,175.0,31.6,179,6.23,34.3,nwe,2021
264,364,5348,1006.0,23,9,288,358.0,540,19,14,6.1,166.0,425,1812,12,4.3,98.0,841.0,24.0,192.0,30.8,155,5.43,27.8,nwe,2022
265,236,4696,1020.0,29,8,261,351.0,557,16,21,5.1,153.0,415,1627,9,3.9,93.0,676.0,15.0,203.0,26.2,141,5.15,23.1,nwe,2023
266,394,6085,1035.0,42,17,331,339.0,539,31,25,7.0,192.0,480,2200,17,4.6,112.0,777.0,27.0,207.0,31.0,151,5.11,29.3,nyg,2010
267,394,6161,1028.0,24,8,331,359.0,589,29,16,7.7,216.0,411,1427,17,3.5,84.0,795.0,31.0,200.0,26.4,142,5.26,30.7,nyg,2011
268,429,5687,968.0,21,6,327,323.0,539,26,15,6.8,187.0,409,1862,18,4.6,103.0,578.0,37.0,176.0,31.4,159,5.72,32.3,nyg,2012
269,294,4920,988.0,44,15,280,325.0,567,18,29,5.9,176.0,381,1332,11,3.5,77.0,786.0,27.0,204.0,27.1,138,4.97,23.9,nyg,2013
270,380,5875,1086.0,28,14,336,383.0,607,30,14,6.7,218.0,449,1603,13,3.6,83.0,896.0,35.0,193.0,28.2,153,5.76,30.3,nyg,2014
271,420,5952,1053.0,21,7,331,392.0,623,36,14,6.7,208.0,403,1609,5,4.0,77.0,777.0,46.0,186.0,28.0,147,5.83,32.0,nyg,2015
272,310,5291,1018.0,27,11,289,377.0,598,26,16,6.3,190.0,398,1412,6,3.5,73.0,857.0,26.0,193.0,27.6,141,5.4,27.4,nyg,2016
273,246,5028,1036.0,22,8,271,373.0,608,20,14,5.4,178.0,394,1549,6,3.9,66.0,895.0,27.0,194.0,26.7,142,5.48,25.9,nyg,2017
274,369,5697,984.0,19,7,297,382.0,583,23,12,6.4,208.0,354,1650,13,4.7,71.0,951.0,18.0,177.0,27.2,157,5.79,32.2,nyg,2018
275,341,5416,1012.0,33,16,311,376.0,607,30,17,5.7,187.0,362,1685,11,4.7,89.0,784.0,35.0,185.0,26.9,149,5.56,29.2,nyg,2019
276,280,4794,966.0,22,11,297,321.0,517,12,11,5.3,178.0,399,1768,13,4.4,91.0,634.0,28.0,167.0,29.2,165,5.98,28.7,nyg,2020
277,258,4884,1050.0,30,10,299,351.0,593,15,20,5.1,171.0,419,1688,8,4.0,90.0,674.0,38.0,189.0,26.6,155,5.73,25.7,nyg,2021
278,365,5676,1089.0,16,10,352,346.0,520,17,6,5.5,170.0,520,2519,21,4.8,150.0,827.0,32.0,177.0,26.7,175,6.3,32.0,nyg,2022
279,266,4760,1057.0,19,7,267,338.0,518,15,12,4.8,141.0,454,1874,10,4.1,97.0,711.0,29.0,199.0,28.8,151,5.47,23.8,nyg,2023
280,367,5616,1087.0,21,7,307,288.0,525,20,14,5.9,171.0,534,2374,14,4.4,118.0,934.0,18.0,199.0,32.8,157,5.66,28.2,nyj,2010
281,377,4989,1030.0,34,16,301,310.0,547,26,18,5.6,173.0,443,1692,14,3.8,92.0,849.0,36.0,203.0,30.9,146,5.2,24.4,nyj,2011
282,281,4787,1034.0,37,18,299,272.0,493,14,19,5.4,162.0,494,1896,12,3.8,102.0,708.0,35.0,194.0,27.8,151,5.47,24.6,nyj,2012
283,290,5090,1020.0,29,7,280,266.0,480,13,22,5.6,154.0,493,2158,12,4.4,105.0,837.0,21.0,196.0,26.0,148,5.39,25.8,nyj,2013
284,283,5226,1052.0,24,9,289,287.0,498,16,15,5.4,154.0,507,2280,11,4.5,112.0,932.0,23.0,186.0,27.8,160,5.87,28.0,nyj,2014
285,387,5925,1074.0,24,8,329,362.0,604,33,16,6.5,210.0,448,1868,11,4.2,99.0,787.0,20.0,199.0,29.2,151,5.56,29.6,nyj,2015
286,275,5268,1003.0,34,9,291,311.0,550,16,25,5.9,166.0,418,1802,10,4.3,97.0,837.0,28.0,185.0,27.5,159,5.6,28.5,nyj,2016
287,298,4884,984.0,24,12,269,323.0,510,19,12,5.7,157.0,427,1702,13,4,77.0,1035.0,35.0,199.0,27.6,146,5.12,24.5,nyj,2017
288,333,4787,971.0,30,11,258,299.0,524,18,19,5.6,157.0,410,1622,11,4.0,84.0,948.0,17.0,197.0,30.7,142,5.15,24.2,nyj,2018
289,276,4368,956.0,25,9,253,323.0,521,19,16,5.4,162.0,383,1257,6,3.3,61.0,1105.0,30.0,189.0,27.0,147,5.21,22.9,nyj,2019
290,243,4479,948.0,19,5,269,292.0,499,16,14,5.2,146.0,406,1683,9,4.1,94.0,952.0,29.0,175.0,26.4,153,5.58,25.6,nyj,2020
291,310,5208,1036.0,27,7,310,357.0,603,20,20,5.4,195.0,380,1667,14,4.4,87.0,860.0,28.0,187.0,27.5,152,5.68,27.8,nyj,2021
292,296,5409,1074.0,23,9,294,357.0,627,15,14,5.6,191.0,405,1686,13,4.2,79.0,866.0,24.0,194.0,27.9,151,5.73,27.8,nyj,2022
293,268,4566,1053.0,33,18,260,356.0,601,11,15,4.4,156.0,388,1647,7,4.2,77.0,945.0,27.0,208.0,30.3,143,5.25,21.8,nyj,2023
294,356,4834,907.0,29,14,252,273.0,474,24,15,6.2,155.0,406,1727,13,4.3,73.0,1040.0,24.0,184.0,31.5,136,5.07,26.0,oti,2010
295,325,5361,984.0,22,8,281,353.0,584,22,14,6.5,185.0,376,1438,8,3.8,71.0,960.0,25.0,188.0,27.4,142,5.4,28.5,oti,2011
296,330,5010,957.0,28,12,260,318.0,540,17,16,5.7,166.0,378,1687,10,4.5,70.0,847.0,24.0,188.0,25.4,141,5.26,26.6,oti,2012
297,362,5390,1032.0,25,9,311,328.0,533,22,16,6.1,172.0,462,1894,16,4.1,103.0,900.0,36.0,184.0,27.9,158,5.77,29.1,oti,2013
298,254,4859,919.0,26,10,258,299.0,513,20,16,6.1,159.0,356,1447,6,4.1,75.0,961.0,24.0,191.0,25.8,138,4.93,25.3,oti,2014
299,299,4988,976.0,33,16,298,342.0,551,25,17,5.8,195.0,371,1485,10,4.0,66.0,779.0,37.0,191.0,27.0,149,5.19,26.1,oti,2015
300,381,5728,1008.0,18,7,322,307.0,504,29,11,6.7,175.0,476,2187,16,4.6,115.0,1012.0,32.0,184.0,28.2,159,5.63,31.0,oti,2016
301,334,5024,974.0,25,8,290,306.0,496,14,17,6.0,157.0,443,1833,18,4.1,97.0,785.0,36.0,191.0,28.7,152,5.32,26.3,oti,2017
302,310,5002,940.0,18,6,289,293.0,437,16,12,6.1,156.0,456,2027,15,4.4,106.0,727.0,27.0,166.0,27.8,172,5.86,30.0,oti,2018
303,402,5805,949.0,17,9,317,297.0,448,29,8,7.1,177.0,445,2223,21,5,104.0,932.0,36.0,185.0,27.5,148,5.23,31.4,oti,2019
304,491,6343,1031.0,12,5,381,316.0,485,33,7,7.2,203.0,521,2690,26,5.2,142.0,783.0,36.0,167.0,28.7,165,6.34,37.7,oti,2020
305,419,5822,1133.0,25,11,362,359.0,535,22,14,5.9,194.0,551,2404,23,4.4,134.0,973.0,34.0,185.0,29.7,184,6.3,31.4,oti,2021
306,298,5045,992.0,23,12,277,285.0,456,16,11,5.8,153.0,487,2131,16,4.4,104.0,956.0,20.0,190.0,27.7,158,5.35,26.5,oti,2022
307,305,4913,1002.0,20,9,298,304.0,494,14,11,5.5,158.0,444,1846,16,4.2,103.0,882.0,37.0,181.0,27.3,168,5.7,26.9,oti,2023
308,439,6230,1038.0,25,12,322,348.0,561,28,13,6.4,189.0,428,2324,18,5.4,116.0,1101.0,17.0,196.0,31.6,153,5.49,31.8,phi,2010
309,396,6386,1036.0,38,13,356,330.0,554,22,25,7,197.0,450,2276,20,5.1,134.0,853.0,25.0,190.0,28.7,158,5.59,33.7,phi,2011
310,280,5665,1079.0,37,22,332,367.0,618,18,15,5.7,190.0,413,1874,10,4.5,111.0,813.0,31.0,184.0,25.6,155,6.03,30.4,phi,2012
311,442,6676,1054.0,19,10,355,310.0,508,32,9,7.4,197.0,500,2566,19,5.1,133.0,846.0,25.0,201.0,27.9,126,5.38,33.1,phi,2013
312,474,6348,1127.0,36,15,356,384.0,621,27,21,6.7,218.0,474,1992,16,4.2,109.0,995.0,29.0,203.0,30.0,126,5.73,31.1,phi,2014
313,377,5830,1102.0,31,13,339,405.0,623,23,18,6.2,193.0,442,1743,15,3.9,110.0,819.0,36.0,203.0,26.4,123,5.57,28.4,phi,2015
314,367,5398,1080.0,20,6,333,380.0,609,16,14,5.6,192.0,438,1813,16,4.1,114.0,945.0,27.0,178.0,30.3,175,6.31,30.1,phi,2016
315,457,5852,1073.0,20,11,338,341.0,564,38,9,6.2,193.0,473,2115,9,4.5,108.0,962.0,37.0,191.0,30.0,164,5.81,30.5,phi,2017
316,367,5845,1037.0,23,12,346,422.0,599,29,11,6.7,221.0,398,1570,12,3.9,94.0,852.0,31.0,176.0,28.4,178,6.09,33.2,phi,2018
317,385,5772,1104.0,23,15,354,391.0,613,27,8,5.9,215.0,454,1939,16,4.3,104.0,836.0,35.0,187.0,28.5,170,6.04,30.7,phi,2019
318,334,5354,1066.0,29,9,336,334.0,598,22,20,5.0,177.0,403,2027,16,5.0,114.0,853.0,45.0,190.0,27.2,148,5.71,28.1,phi,2020
319,444,6119,1075.0,16,6,352,307.0,494,20,10,6.5,167.0,550,2715,25,4.9,163.0,842.0,22.0,173.0,28.1,176,6.4,35.0,phi,2021
320,477,6614,1124.0,19,10,385,350.0,536,25,9,7.1,195.0,544,2509,32,4.6,161.0,682.0,29.0,186.0,29.1,168,6.18,35.4,phi,2022
321,433,6024,1112.0,28,12,377,369.0,563,24,16,6.4,197.0,510,2190,22,4.3,149.0,785.0,31.0,177.0,28.9,179,6.46,34.0,phi,2023
322,375,5525,993.0,18,9,295,298.0,479,22,9,6.9,175.0,471,1924,15,4.1,106.0,903.0,14.0,179.0,31.5,174,5.76,30.8,pit,2010
323,325,5957,1015.0,28,13,341,341.0,539,21,15,7.0,221.0,434,1903,13,4.4,96.0,854.0,24.0,168.0,26.8,186,6.23,35.4,pit,2011
324,336,5324,1023.0,30,16,307,354.0,574,27,14,6.2,202.0,412,1537,8,3.7,80.0,938.0,25.0,186.0,26.8,166,5.67,28.6,pit,2012
325,379,5400,1023.0,24,10,312,377.0,586,28,14,6.4,207.0,394,1383,9,3.5,81.0,677.0,24.0,189.0,29.8,157,5.58,28.6,pit,2013
326,436,6577,1068.0,21,11,379,411.0,612,33,10,7.5,243.0,423,1752,10,4.1,98.0,834.0,38.0,174.0,25.7,179,6.32,37.5,pit,2014
327,423,6327,1011.0,28,7,331,391.0,590,26,21,7.4,207.0,388,1724,16,4.4,91.0,868.0,33.0,190.0,28.2,150,5.54,33.3,pit,2015
328,399,5962,1026.0,18,3,336,381.0,596,33,15,6.8,210.0,409,1760,13,4.3,97.0,1068.0,29.0,182.0,27.3,162,5.81,32.7,pit,2016
329,406,6047,1051.0,20,5,348,384.0,590,29,15,7.1,217.0,437,1667,12,3.8,96.0,897.0,35.0,179.0,29.3,172,6.09,33.7,pit,2017
330,428,6453,1058.0,26,9,378,459.0,689,35,17,7,251.0,345,1445,16,4.2,88.0,1026.0,39.0,182.0,26.0,164,5.93,35.5,pit,2018
331,289,4428,937.0,30,11,265,315.0,510,18,19,5.5,147.0,395,1447,7,3.7,75.0,893.0,43.0,187.0,29.5,148,5.18,23.5,pit,2019
332,416,5354,1043.0,18,7,322,428.0,656,35,11,6.0,206.0,373,1351,12,3.6,81.0,691.0,35.0,188.0,30.8,157,5.68,28.4,pit,2020
333,343,5361,1113.0,20,9,323,425.0,664,23,11,5.4,204.0,411,1583,10,3.9,85.0,831.0,34.0,199.0,29.2,154,5.79,26.8,pit,2021
334,308,5484,1109.0,19,5,345,364.0,571,12,14,5.6,189.0,500,2073,16,4.1,129.0,711.0,27.0,177.0,27.3,182,6.51,30.9,pit,2022
335,304,5173,1029.0,16,7,287,323.0,506,13,9,5.8,153.0,487,2010,16,4.1,115.0,753.0,19.0,194.0,28.4,156,5.46,26.6,pit,2023
336,410,5674,1039.0,26,10,306,279.0,491,18,16,5.9,159.0,504,2494,19,4.9,113.0,1276.0,34.0,203.0,28.8,147,5.32,27.9,rai,2010
337,359,6072,1015.0,30,7,328,315.0,524,20,23,7.2,186.0,466,2110,16,4.5,110.0,1358.0,32.0,193.0,27.2,149,5.44,31.4,rai,2011
338,290,5504,1032.0,26,10,300,376.0,629,24,16,6.2,200.0,376,1420,4,3.8,72.0,939.0,28.0,188.0,26.0,151,5.67,29.0,rai,2012
339,322,5340,1000.0,31,11,275,298.0,519,17,20,5.9,168.0,437,2000,16,4.6,90.0,912.0,17.0,194.0,26.5,148,5.31,27.4,rai,2013
340,253,4515,994.0,29,13,248,365.0,629,22,16,5.0,173.0,337,1240,4,3.7,56.0,939.0,19.0,198.0,24.2,137,5.13,22.6,rai,2014
341,359,5336,1008.0,24,10,300,373.0,605,34,14,6.1,193.0,370,1457,7,3.9,74.0,1102.0,33.0,195.0,29.4,145,5.3,27.3,rai,2015
342,416,5973,1048.0,14,7,333,379.0,596,29,7,6.6,198.0,434,1922,17,4.4,98.0,1247.0,37.0,194.0,31.7,157,5.58,30.7,rai,2016
343,301,5185,952.0,28,14,287,347.0,558,23,14,6.2,178.0,370,1554,13,4.2,78.0,1009.0,31.0,178.0,28.3,156,5.49,29.1,rai,2017
344,290,5379,995.0,24,14,300,382.0,556,19,10,6.2,197.0,387,1628,9,4.2,86.0,965.0,17.0,176.0,26.8,169,5.85,30.5,rai,2018
345,313,5819,989.0,17,9,315,367.0,523,22,8,7.1,194.0,437,1893,13,4.3,104.0,1138.0,17.0,165.0,27.2,180,6.15,35.1,rai,2019
346,434,6133,1036.0,26,16,359,369.0,551,28,10,7.3,206.0,457,1916,20,4.2,121.0,856.0,32.0,169.0,29.5,176,6.34,36.2,rai,2020
347,374,6184,1082.0,24,10,349,429.0,628,23,14,6.8,217.0,414,1617,14,3.9,95.0,1104.0,37.0,188.0,28.0,168,5.98,32.8,rai,2021
348,395,5993,1049.0,21,4,343,359.0,586,28,17,6.3,193.0,428,2059,12,4.8,122.0,932.0,28.0,172.0,26.6,182,6.3,34.7,rai,2022
349,332,4922,1010.0,24,6,292,348.0,557,20,18,5.7,182.0,413,1542,11,3.7,83.0,629.0,27.0,179.0,29.4,163,5.81,27.5,rai,2023
350,289,4846,1053.0,21,6,292,354.0,590,18,15,5.2,179.0,429,1578,9,3.7,84.0,877.0,29.0,199.0,30.9,150,5.49,24.3,ram,2010
351,193,4537,1013.0,23,13,267,292.0,549,9,10,4.8,159.0,409,1667,7,4.1,79.0,899.0,29.0,196.0,26.4,138,5.31,23.0,ram,2011
352,299,5264,1002.0,22,8,287,332.0,557,22,14,6,189.0,410,1714,5,4.2,79.0,978.0,19.0,182.0,24.4,157,5.68,28.9,ram,2012
353,348,4877,968.0,21,10,282,301.0,506,22,11,5.8,165.0,426,1752,10,4.1,82.0,1009.0,35.0,184.0,26.3,152,5.41,26.5,ram,2013
354,324,5035,957.0,27,11,288,327.0,515,20,16,6.0,189.0,395,1635,11,4.1,79.0,1139.0,20.0,186.0,28.0,151,5.31,26.9,ram,2014
355,280,4761,920.0,22,11,241,273.0,473,11,11,5.7,126.0,429,1956,16,4.6,92.0,1057.0,23.0,196.0,27.9,138,4.85,24.3,ram,2015
356,224,4203,960.0,29,9,245,312.0,536,14,20,5.0,151.0,375,1252,9,3.3,68.0,1091.0,26.0,193.0,27.4,146,5.11,21.7,ram,2016
357,478,5784,1000.0,21,14,311,320.0,518,28,7,7.0,185.0,454,1953,17,4.3,97.0,922.0,29.0,190.0,32.9,152,5.51,30.4,ram,2017
358,527,6738,1060.0,19,7,401,368.0,568,32,12,7.5,236.0,459,2231,23,4.9,134.0,878.0,31.0,183.0,30.4,161,6.04,36.7,ram,2018
359,394,5998,1055.0,24,7,342,397.0,632,22,17,6.9,222.0,401,1499,20,3.7,92.0,899.0,28.0,185.0,28.3,151,5.88,32.3,ram,2019
360,372,6032,1088.0,25,11,352,392.0,590,20,14,6.5,206.0,473,2018,19,4.3,123.0,655.0,23.0,184.0,27.9,167,6.08,32.7,ram,2020
361,460,6325,1058.0,23,5,355,406.0,607,41,18,7.3,233.0,420,1683,10,4,99.0,637.0,23.0,181.0,28.0,164,6.03,34.9,ram,2021
362,307,4769,1001.0,23,8,293,347.0,531,16,15,5.3,181.0,411,1661,15,4.0,89.0,655.0,23.0,176.0,26.6,173,5.86,27.0,ram,2022
363,404,6108,1094.0,18,5,351,361.0,583,26,13,6.6,206.0,477,2045,18,4.3,110.0,720.0,35.0,185.0,28.6,170,6.15,33.0,ram,2023
364,357,5166,1018.0,20,10,303,308.0,491,25,10,6.3,175.0,487,1831,11,3.8,97.0,673.0,31.0,189.0,29.8,159,5.54,27.2,rav,2010
365,378,5419,1036.0,24,12,312,314.0,544,21,12,5.9,181.0,459,1996,15,4.3,98.0,742.0,33.0,186.0,28.9,158,5.78,29.1,rav,2011
366,398,5640,1042.0,16,5,314,334.0,560,22,11,6.3,182.0,444,1901,17,4.3,98.0,1127.0,34.0,193.0,27.0,142,5.57,29.2,rav,2012
367,320,4918,1090.0,29,6,295,363.0,619,19,23,5.4,189.0,423,1328,7,3.1,68.0,942.0,38.0,207.0,29.1,141,5.46,23.7,rav,2013
368,409,5838,1021.0,20,8,345,344.0,554,27,12,6.7,194.0,448,2019,16,4.5,113.0,870.0,38.0,182.0,28.7,156,5.8,32.0,rav,2014
369,328,5749,1083.0,28,7,323,426.0,676,21,21,6.1,211.0,383,1478,8,3.9,89.0,1153.0,23.0,186.0,27.1,158,6.04,30.8,rav,2015
370,343,5563,1079.0,23,7,316,439.0,679,20,16,5.8,205.0,367,1463,10,4.0,79.0,1111.0,32.0,191.0,28.9,155,5.85,29.1,rav,2016
371,395,4886,1054.0,17,4,311,363.0,567,20,13,5.1,168.0,460,1856,14,4.0,111.0,749.0,32.0,192.0,32.8,154,5.7,25.4,rav,2017
372,389,5999,1135.0,20,11,367,334.0,556,18,9,6.1,184.0,547,2441,19,4.5,153.0,940.0,30.0,177.0,29.5,178,6.59,33.7,rav,2018
373,531,6521,1064.0,15,7,386,289.0,440,37,8,6.9,171.0,596,3296,21,5.5,188.0,867.0,27.0,166.0,29.1,201,6.58,39.3,rav,2019
374,468,5810,993.0,18,7,327,257.0,406,27,11,6.3,142.0,555,3071,24,5.5,166.0,961.0,19.0,170.0,31.9,178,6.01,34.1,rav,2020
375,387,6440,1185.0,26,8,394,396.0,611,21,18,5.9,209.0,517,2479,18,4.8,159.0,852.0,26.0,195.0,26.9,174,6.27,33.0,rav,2021
376,350,5760,1052.0,21,8,337,300.0,488,19,13,5.8,149.0,526,2720,14,5.2,167.0,678.0,21.0,180.0,29.6,177,6.08,32.0,rav,2022
377,483,6296,1076.0,19,12,360,328.0,494,27,7,6.8,180.0,541,2661,26,4.9,145.0,955.0,35.0,197.0,32.8,162,5.65,31.8,rav,2023
378,441,6329,1039.0,29,16,357,359.0,544,30,13,7.8,236.0,457,1810,18,4.0,94.0,677.0,27.0,186.0,28.6,171,5.76,33.9,sdg,2010
379,406,6290,1048.0,28,8,359,366.0,582,27,20,7.2,234.0,436,1864,16,4.3,97.0,753.0,28.0,172.0,27.9,181,6.3,36.6,sdg,2011
380,350,4756,988.0,26,11,293,338.0,528,26,15,5.7,184.0,411,1461,4,3.6,81.0,796.0,28.0,180.0,28.9,169,5.64,26.4,sdg,2012
381,396,6293,1060.0,21,10,373,378.0,544,32,11,7.5,230.0,486,1965,9,4.0,104.0,765.0,39.0,167.0,27.3,193,6.57,37.7,sdg,2013
382,348,5465,1009.0,23,5,326,380.0,574,31,18,6.7,214.0,398,1367,6,3.4,75.0,967.0,37.0,174.0,26.4,171,5.95,31.3,sdg,2014
383,320,5949,1100.0,24,11,344,442.0,667,30,13,6.5,230.0,393,1358,4,3.5,79.0,942.0,35.0,178.0,23.3,172,6.36,33.4,sdg,2015
384,410,5708,1014.0,35,14,340,349.0,580,33,21,6.8,214.0,398,1510,10,3.8,90.0,780.0,36.0,181.0,28.1,162,5.8,31.4,sdg,2016
385,355,6026,1020.0,15,4,337,366.0,583,28,11,7.4,220.0,419,1595,10,3.8,84.0,927.0,33.0,177.0,26.1,165,5.94,34.1,sdg,2017
386,428,5962,945.0,19,7,338,348.0,512,32,12,7.5,213.0,399,1873,16,4.7,100.0,967.0,25.0,170.0,28.7,173,5.77,34.9,sdg,2018
387,337,5879,997.0,31,11,349,394.0,597,24,20,7.0,220.0,366,1453,12,4.0,90.0,872.0,39.0,160.0,26.3,185,6.44,36.6,sdg,2019
388,384,6113,1127.0,16,6,373,413.0,627,31,10,6.5,226.0,466,1784,12,3.8,111.0,710.0,36.0,175.0,26.6,175,6.63,34.8,sdg,2020
389,474,6634,1128.0,22,7,401,443.0,674,38,15,6.8,256.0,423,1834,18,4.3,112.0,1033.0,33.0,175.0,29.4,172,6.6,37.9,sdg,2021
390,391,6108,1154.0,19,9,352,485.0,711,26,10,6.1,232.0,404,1524,15,3.8,93.0,635.0,27.0,189.0,29.6,166,6.28,32.3,sdg,2022
391,346,5599,1106.0,21,13,319,409.0,632,24,8,5.9,204.0,431,1642,11,3.8,89.0,725.0,26.0,190.0,26.9,155,5.99,29.4,sdg,2023
392,310,4765,964.0,31,11,260,324.0,544,14,20,5.8,159.0,385,1424,13,3.7,81.0,890.0,20.0,196.0,30.8,135,5.07,24.2,sea,2010
393,321,4861,1003.0,23,9,265,299.0,509,15,14,5.6,153.0,444,1756,15,4.0,89.0,1047.0,23.0,198.0,31.3,138,5.22,24.4,sea,2011
394,412,5610,974.0,18,8,311,259.0,405,27,10,6.9,153.0,536,2579,16,4.8,129.0,890.0,29.0,170.0,29.4,180,5.89,32.9,sea,2012
395,417,5424,973.0,19,10,307,267.0,420,27,9,7.0,160.0,509,2188,14,4.3,116.0,1183.0,31.0,182.0,31.0,161,5.54,29.7,sea,2013
396,394,6012,1021.0,14,7,328,287.0,454,20,7,6.6,160.0,525,2762,20,5.3,144.0,1009.0,24.0,175.0,30.5,178,6.05,34.2,sea,2014
397,423,6058,1035.0,16,8,335,333.0,489,34,8,7.1,190.0,500,2268,10,4.5,128.0,1007.0,17.0,174.0,29.2,178,6.13,34.6,sea,2015
398,354,5715,1012.0,18,6,313,368.0,567,23,12,6.8,203.0,403,1591,13,3.9,85.0,970.0,25.0,185.0,29.5,156,5.64,30.8,sea,2016
399,366,5286,1007.0,17,5,299,340.0,555,34,12,6.1,183.0,409,1629,4,4,85.0,1342.0,31.0,197.0,28.5,143,5.27,26.8,sea,2017
400,428,5653,1012.0,11,4,329,280.0,427,35,7,6.5,156.0,534,2560,15,4.8,133.0,959.0,40.0,181.0,27.8,167,5.77,31.1,sea,2018
401,405,5991,1046.0,20,14,341,341.0,517,31,6,6.7,190.0,481,2200,15,4.6,121.0,882.0,30.0,189.0,30.2,160,5.68,31.6,sea,2019
402,459,5912,1022.0,18,5,356,388.0,563,40,13,6.5,216.0,411,1971,15,4.8,111.0,662.0,29.0,178.0,31.1,162,5.88,33.1,sea,2020
403,395,5506,954.0,13,6,302,324.0,495,30,7,6.3,166.0,413,2074,18,5.0,106.0,803.0,30.0,187.0,29.6,139,5.22,29.3,sea,2021
404,407,5976,1044.0,23,11,346,399.0,573,30,12,6.4,206.0,425,2042,12,4.8,106.0,854.0,34.0,187.0,29.5,158,5.78,31.9,sea,2022
405,364,5490,995.0,17,5,317,371.0,575,23,12,6.4,189.0,382,1580,11,4.1,93.0,954.0,35.0,178.0,28.7,154,5.83,30.8,sea,2023
406,305,5013,945.0,23,8,251,282.0,500,19,15,6.2,149.0,401,1657,10,4.1,85.0,933.0,17.0,190.0,28.5,145,5.12,26.2,sfo,2010
407,380,4974,993.0,10,5,282,277.0,451,18,5,5.9,150.0,498,2044,14,4.1,101.0,1014.0,31.0,192.0,33.5,161,5.44,25.9,sfo,2011
408,397,5789,969.0,16,8,322,289.0,436,23,8,6.9,172.0,492,2491,17,5.1,128.0,960.0,22.0,178.0,31.8,171,5.68,32.5,sfo,2012
409,406,5180,961.0,18,10,286,244.0,417,21,8,6.5,148.0,505,2201,18,4.4,115.0,845.0,23.0,188.0,31.6,156,5.3,27.5,sfo,2013
410,306,5239,1009.0,22,12,303,292.0,487,20,10,5.7,165.0,470,2176,10,4.6,104.0,937.0,34.0,178.0,27.8,171,5.84,29.4,sfo,2014
411,238,4860,969.0,17,5,261,322.0,526,16,12,5.7,154.0,390,1544,7,4,83.0,823.0,24.0,182.0,23.7,141,5.47,26.6,sfo,2015
412,309,4930,996.0,25,15,287,287.0,491,21,10,5.4,152.0,458,2019,15,4.4,116.0,831.0,19.0,197.0,27.2,131,5.18,25.0,sfo,2016
413,331,5587,1058.0,23,8,321,362.0,607,15,15,6.0,206.0,408,1662,15,4.1,88.0,988.0,27.0,184.0,27.6,153,5.99,30.3,sfo,2017
414,342,5769,1003.0,32,12,344,331.0,532,26,20,6.7,201.0,423,1902,7,4.5,98.0,982.0,45.0,181.0,26.2,159,5.72,31.8,sfo,2018
415,479,6097,1012.0,23,10,336,331.0,478,28,13,7.4,195.0,498,2305,23,4.6,110.0,939.0,31.0,183.0,32.1,166,5.74,33.1,sfo,2019
416,376,5922,1046.0,31,14,350,371.0,570,25,17,6.6,217.0,437,1889,19,4.3,101.0,731.0,32.0,182.0,27.4,166,5.89,32.6,sfo,2020
417,427,6387,1046.0,24,10,361,343.0,514,26,14,7.7,200.0,499,2166,22,4.3,130.0,1066.0,31.0,182.0,26.9,172,5.86,34.7,sfo,2021
418,450,6216,1047.0,17,8,347,338.0,512,30,9,7.1,188.0,504,2360,20,4.7,132.0,730.0,27.0,186.0,32.2,175,5.8,33.4,sfo,2022
419,491,6773,1024.0,18,6,383,336.0,491,33,12,8.4,207.0,499,2389,27,4.8,147.0,933.0,29.0,179.0,30.4,177,5.86,37.8,sfo,2023
420,341,5362,955.0,19,13,288,306.0,494,26,6,6.4,172.0,431,2001,9,4.6,97.0,837.0,19.0,172.0,28.9,172,5.72,31.2,tam,2010
421,287,5108,966.0,40,16,277,365.0,588,17,24,5.9,180.0,346,1458,9,4.2,74.0,1007.0,23.0,181.0,27.0,154,5.49,28.0,tam,2011
422,389,5820,1008.0,23,6,301,311.0,566,27,17,6.7,188.0,416,1837,13,4.4,89.0,819.0,24.0,193.0,29.0,151,5.39,30.1,tam,2012
423,288,4432,981.0,21,9,269,291.0,514,22,12,5.0,157.0,420,1612,6,3.8,75.0,1136.0,37.0,188.0,26.8,151,5.37,23.4,tam,2013
424,277,4672,936.0,33,13,263,301.0,531,21,20,5.7,162.0,353,1375,7,3.9,72.0,939.0,29.0,180.0,26.6,146,5.33,25.8,tam,2014
425,342,6014,1017.0,28,13,336,312.0,535,22,15,6.9,201.0,455,2162,12,4.8,99.0,1195.0,36.0,176.0,26.2,158,6.01,34.1,tam,2015
426,354,5542,1066.0,27,9,340,355.0,578,29,18,6.4,220.0,453,1616,8,3.6,80.0,926.0,40.0,182.0,28.4,163,6.02,30.3,tam,2016
427,335,5814,1035.0,27,13,352,378.0,605,26,14,6.8,243.0,390,1448,8,3.7,76.0,795.0,33.0,175.0,27.6,163,6.13,33.1,tam,2017
428,396,6648,1055.0,35,9,388,408.0,625,36,26,7.7,265.0,389,1523,11,3.9,80.0,975.0,43.0,184.0,26.2,159,5.89,36.0,tam,2018
429,458,6366,1086.0,41,11,353,382.0,630,33,30,7.2,244.0,409,1521,15,3.7,81.0,1111.0,28.0,198.0,28.1,150,5.66,32.1,tam,2019
430,492,6145,1017.0,17,5,364,410.0,626,42,12,7.1,238.0,369,1519,16,4.1,82.0,715.0,44.0,180.0,31.0,154,5.82,34.1,tam,2020
431,511,6901,1139.0,19,7,404,492.0,731,43,12,6.9,273.0,385,1672,18,4.3,106.0,874.0,25.0,194.0,30.0,160,6.03,35.5,tam,2021
432,313,5894,1159.0,22,12,346,499.0,751,26,10,5.9,240.0,386,1308,5,3.4,79.0,793.0,27.0,194.0,26.9,156,6.17,30.3,tam,2022
433,348,5321,1047.0,18,8,300,364.0,568,28,10,6.3,188.0,439,1509,8,3.4,79.0,751.0,33.0,183.0,28.8,164,5.89,29.1,tam,2023
434,302,5374,1002.0,31,12,295,349.0,605,21,19,6.0,194.0,351,1461,9,4.2,72.0,647.0,29.0,205.0,28.8,135,5.06,26.0,was,2010
435,288,5387,1032.0,35,11,312,346.0,591,19,24,6.0,204.0,400,1614,8,4.0,79.0,897.0,29.0,188.0,29.1,155,5.71,28.6,was,2011
436,436,6131,994.0,14,6,341,291.0,442,24,8,7.2,171.0,519,2709,22,5.2,144.0,985.0,26.0,183.0,27.5,164,5.6,33.6,was,2012
437,334,5915,1107.0,34,15,329,355.0,611,20,19,5.7,198.0,453,2164,14,4.8,112.0,802.0,19.0,199.0,25.3,149,5.69,29.5,was,2013
438,301,5738,1006.0,31,13,318,364.0,547,18,18,6.7,186.0,401,1691,15,4.2,88.0,1130.0,44.0,192.0,25.1,154,5.38,29.9,was,2014
439,388,5661,1011.0,22,11,317,386.0,555,30,11,7.0,208.0,429,1566,9,3.7,81.0,828.0,28.0,180.0,27.0,169,5.78,31.5,was,2015
440,396,6454,1009.0,21,9,345,407.0,607,25,12,7.6,226.0,379,1696,17,4.5,89.0,909.0,30.0,175.0,27.4,165,6.01,36.9,was,2016
441,342,5199,982.0,27,14,278,347.0,540,27,13,6.5,191.0,401,1448,10,3.6,66.0,733.0,21.0,191.0,29.4,150,5.3,27.0,was,2017
442,281,4795,967.0,19,4,280,311.0,509,16,15,5.5,156.0,414,1774,12,4.3,96.0,1008.0,28.0,170.0,28.6,167,5.87,28.3,was,2018
443,266,4395,885.0,21,8,248,298.0,479,18,13,5.3,154.0,356,1583,9,4.4,74.0,835.0,20.0,176.0,28.3,148,5.18,25.0,was,2019
444,335,5076,1051.0,27,11,322,389.0,601,16,16,5.3,184.0,400,1611,18,4.0,108.0,697.0,30.0,183.0,28.4,157,5.93,27.7,was,2020
445,335,5502,1070.0,24,9,345,356.0,550,21,15,5.8,181.0,477,2061,13,4.3,129.0,743.0,35.0,179.0,27.3,174,6.13,30.5,was,2021
446,321,5615,1140.0,23,7,339,344.0,554,24,16,5.8,184.0,538,2143,9,4.0,124.0,805.0,31.0,197.0,26.2,173,5.94,28.4,was,2022
447,329,5317,1060.0,32,11,321,407.0,636,24,21,5.3,190.0,359,1592,14,4.4,99.0,701.0,32.0,197.0,27.4,153,5.5,26.9,was,2023
